delivery_id,order_date,dispatch_date,dispatch_status,outlet_id,brand,district,depot,temp_requirement,order_units,order_weight_kg,order_volume_m3,route_id,seq_in_route,vehicle_id,vehicle_type,vehicle_temp,planned_arrival_time,window_open_time,window_close_time
ORD0088667,2026-01-16,2026-01-16,attempted,OUT001,Fresh,Colombo,Peliyagoda,ambient,14,109.5,0.589,R024229,0,VEH037,van,ambient,06:43,05:00,07:30
ORD0088668,2026-01-16,2026-01-16,attempted,OUT001,Fresh,Colombo,Peliyagoda,chilled,20,116.6,0.629,R024217,0,VEH035,van,reefer,04:55,05:00,07:30
ORD0088669,2026-01-16,2026-01-16,attempted,OUT002,Fresh,Colombo,Peliyagoda,ambient,19,143.4,0.65,R024229,2,VEH037,van,ambient,07:31,05:30,08:00
ORD0088670,2026-01-16,2026-01-16,attempted,OUT002,Fresh,Colombo,Peliyagoda,chilled,20,120.2,0.681,R024217,2,VEH035,van,reefer,05:43,05:30,08:00
ORD0088671,2026-01-16,2026-01-16,attempted,OUT003,Fresh,Colombo,Peliyagoda,ambient,17,132.0,0.725,R024229,1,VEH037,van,ambient,07:07,05:00,07:30
ORD0088672,2026-01-16,2026-01-16,attempted,OUT003,Fresh,Colombo,Peliyagoda,chilled,10,70.3,0.364,R024217,1,VEH035,van,reefer,05:19,05:00,07:30
ORD0088673,2026-01-16,2026-01-16,attempted,OUT004,Fresh,Colombo,Peliyagoda,ambient,44,218.7,1.28,R024246,2,VEH021,truck,ambient,06:24,05:30,08:00
ORD0088674,2026-01-16,,not_run,OUT004,Fresh,Colombo,Peliyagoda,chilled,26,160.6,0.849,,,,,,,05:30,08:00
ORD0088675,2026-01-16,2026-01-16,attempted,OUT005,Fresh,Colombo,Peliyagoda,ambient,80,487.0,3.022,R024245,2,VEH012,truck,ambient,06:03,04:00,07:45
ORD0088676,2026-01-16,2026-01-17,deferred,OUT005,Fresh,Colombo,Peliyagoda,chilled,75,421.3,2.436,R024268,2,VEH006,truck,reefer,05:45,04:00,07:45
ORD0088677,2026-01-16,2026-01-16,attempted,OUT006,Fresh,Colombo,Peliyagoda,ambient,79,485.2,2.898,R024245,3,VEH012,truck,ambient,06:26,03:00,08:00
ORD0088678,2026-01-16,2026-01-16,attempted,OUT007,Fresh,Colombo,Peliyagoda,ambient,86,698.3,3.794,R024245,4,VEH012,truck,ambient,06:50,05:30,08:00
ORD0088679,2026-01-16,2026-01-17,deferred,OUT007,Fresh,Colombo,Peliyagoda,chilled,62,502.2,2.892,R024268,5,VEH006,truck,reefer,06:56,05:30,08:00
ORD0088680,2026-01-16,2026-01-16,attempted,OUT008,Fresh,Colombo,Peliyagoda,ambient,63,430.8,2.198,R024245,0,VEH012,truck,ambient,05:16,05:00,07:30
ORD0088681,2026-01-16,,not_run,OUT008,Fresh,Colombo,Peliyagoda,chilled,36,219.7,1.188,,,,,,,05:00,07:30
ORD0088682,2026-01-16,2026-01-16,attempted,OUT009,Fresh,Colombo,Peliyagoda,ambient,56,343.9,1.789,R024246,1,VEH021,truck,ambient,06:01,04:00,07:45
ORD0088683,2026-01-16,,not_run,OUT009,Fresh,Colombo,Peliyagoda,chilled,41,280.5,1.35,,,,,,,04:00,07:45
ORD0088684,2026-01-16,2026-01-16,attempted,OUT010,Fresh,Colombo,Peliyagoda,ambient,54,365.1,2.061,R024246,0,VEH021,truck,ambient,05:37,05:00,07:30
ORD0088685,2026-01-16,2026-01-16,attempted,OUT011,Fresh,Colombo,Peliyagoda,ambient,53,444.4,2.295,R024245,5,VEH012,truck,ambient,07:15,03:00,08:00
ORD0088686,2026-01-16,2026-01-16,attempted,OUT012,Fresh,Colombo,Peliyagoda,ambient,47,292.5,1.62,R024246,3,VEH021,truck,ambient,06:47,05:30,08:00
ORD0088687,2026-01-16,2026-01-16,attempted,OUT013,Fresh,Colombo,Peliyagoda,ambient,134,936.8,5.002,R024245,1,VEH012,truck,ambient,05:40,05:00,07:30
ORD0088688,2026-01-16,2026-01-17,deferred,OUT013,Fresh,Colombo,Peliyagoda,chilled,53,410.4,2.397,R024268,1,VEH006,truck,reefer,05:22,05:00,07:30
ORD0088689,2026-01-16,2026-01-16,attempted,OUT014,Fresh,Colombo,Peliyagoda,ambient,55,323.6,1.836,R024246,4,VEH021,truck,ambient,07:10,05:30,08:00
ORD0088690,2026-01-16,2026-01-16,attempted,OUT021,Tech,Colombo,Peliyagoda,ambient,9,1683.8,5.958,R024253,1,VEH018,truck,ambient,11:26,10:30,12:30
ORD0088691,2026-01-16,2026-01-16,attempted,OUT022,Tech,Colombo,Peliyagoda,ambient,5,1281.3,4.357,R024253,0,VEH018,truck,ambient,10:23,10:00,12:00
ORD0088692,2026-01-16,2026-01-16,attempted,OUT025,Fresh,Gampaha,Peliyagoda,ambient,38,266.3,1.489,R024243,1,VEH034,truck,ambient,05:58,05:30,08:00
ORD0088693,2026-01-16,2026-01-16,attempted,OUT026,Fresh,Gampaha,Peliyagoda,ambient,54,394.8,2.022,R024243,2,VEH034,truck,ambient,06:23,03:00,08:00
ORD0088694,2026-01-16,2026-01-17,deferred,OUT026,Fresh,Gampaha,Peliyagoda,chilled,28,210.9,1.07,R024266,0,VEH004,truck,reefer,02:49,03:00,08:00
ORD0088695,2026-01-16,2026-01-16,attempted,OUT027,Fresh,Gampaha,Peliyagoda,ambient,56,438.0,2.101,R024243,0,VEH034,truck,ambient,05:33,05:00,07:30
ORD0088696,2026-01-16,2026-01-16,attempted,OUT028,Fresh,Gampaha,Peliyagoda,ambient,95,571.3,3.301,R024242,2,VEH027,truck,ambient,05:47,03:00,08:00
ORD0088697,2026-01-16,2026-01-17,deferred,OUT028,Fresh,Gampaha,Peliyagoda,chilled,60,532.2,2.538,R024265,3,VEH005,truck,reefer,06:35,03:00,08:00
ORD0088698,2026-01-16,2026-01-16,attempted,OUT029,Fresh,Gampaha,Peliyagoda,ambient,52,359.6,2.005,R024243,3,VEH034,truck,ambient,06:47,05:30,08:00
ORD0088699,2026-01-16,2026-01-17,deferred,OUT029,Fresh,Gampaha,Peliyagoda,chilled,45,377.1,1.918,R024265,5,VEH005,truck,reefer,07:26,05:30,08:00
ORD0088700,2026-01-16,2026-01-16,attempted,OUT030,Fresh,Gampaha,Peliyagoda,ambient,70,427.3,2.406,R024242,3,VEH027,truck,ambient,06:11,03:00,08:00
ORD0088701,2026-01-16,2026-01-17,deferred,OUT030,Fresh,Gampaha,Peliyagoda,chilled,89,553.6,2.994,R024264,2,VEH003,truck,reefer,05:18,03:00,08:00
ORD0088702,2026-01-16,2026-01-16,attempted,OUT031,Fresh,Gampaha,Peliyagoda,ambient,172,1174.5,5.771,R024242,4,VEH027,truck,ambient,06:37,03:00,08:00
ORD0088703,2026-01-16,2026-01-16,attempted,OUT032,Fresh,Gampaha,Peliyagoda,ambient,109,801.8,4.376,R024242,1,VEH027,truck,ambient,05:24,04:00,07:45
ORD0088704,2026-01-16,2026-01-17,deferred,OUT032,Fresh,Gampaha,Peliyagoda,chilled,125,680.4,3.984,R024264,0,VEH003,truck,reefer,04:31,04:00,07:45
ORD0088705,2026-01-16,2026-01-16,attempted,OUT033,Fresh,Gampaha,Peliyagoda,ambient,48,321.5,1.899,R024243,4,VEH034,truck,ambient,07:11,05:30,08:00
ORD0088706,2026-01-16,2026-01-16,attempted,OUT034,Fresh,Gampaha,Peliyagoda,ambient,66,422.3,2.415,R024242,0,VEH027,truck,ambient,04:59,05:00,07:30
ORD0088707,2026-01-16,2026-01-17,deferred,OUT034,Fresh,Gampaha,Peliyagoda,chilled,73,485.3,2.777,R024265,1,VEH005,truck,reefer,05:44,05:00,07:30
ORD0088708,2026-01-16,2026-01-16,attempted,OUT038,Tech,Gampaha,Peliyagoda,ambient,5,1316.6,4.135,R024252,0,VEH017,truck,ambient,08:47,09:00,17:00
ORD0088709,2026-01-16,2026-01-16,attempted,OUT040,Fresh,Kalutara,Peliyagoda,ambient,85,575.3,3.272,R024240,3,VEH025,truck,ambient,05:55,03:00,08:00
ORD0088710,2026-01-16,2026-01-16,attempted,OUT041,Fresh,Kalutara,Peliyagoda,ambient,36,283.5,1.406,R024240,0,VEH025,truck,ambient,04:34,05:00,07:30
ORD0088711,2026-01-16,2026-01-16,attempted,OUT042,Fresh,Kalutara,Peliyagoda,ambient,86,697.9,3.729,R024240,4,VEH025,truck,ambient,06:24,03:00,08:00
ORD0088712,2026-01-16,2026-01-16,attempted,OUT043,Fresh,Kalutara,Peliyagoda,ambient,26,189.5,1.031,R024240,1,VEH025,truck,ambient,05:00,05:00,07:30
ORD0088713,2026-01-16,2026-01-16,attempted,OUT043,Fresh,Kalutara,Peliyagoda,chilled,33,245.9,1.215,R024225,0,VEH005,truck,reefer,06:25,05:00,07:30
ORD0088714,2026-01-16,2026-01-16,attempted,OUT044,Fresh,Kalutara,Peliyagoda,ambient,46,267.0,1.455,R024240,5,VEH025,truck,ambient,06:55,03:00,08:00
ORD0088715,2026-01-16,2026-01-16,attempted,OUT044,Fresh,Kalutara,Peliyagoda,chilled,28,207.6,1.177,R024225,2,VEH005,truck,reefer,07:20,03:00,08:00
ORD0088716,2026-01-16,2026-01-16,attempted,OUT045,Fresh,Kalutara,Peliyagoda,ambient,32,251.6,1.224,R024240,6,VEH025,truck,ambient,07:19,03:00,08:00
ORD0088717,2026-01-16,2026-01-16,attempted,OUT046,Fresh,Kalutara,Peliyagoda,ambient,52,272.3,1.543,R024240,2,VEH025,truck,ambient,05:27,05:00,07:30
ORD0088718,2026-01-16,2026-01-16,attempted,OUT046,Fresh,Kalutara,Peliyagoda,chilled,43,255.9,1.388,R024225,1,VEH005,truck,reefer,06:54,05:00,07:30
ORD0088719,2026-01-16,2026-01-16,attempted,OUT050,Fresh,Galle,Peliyagoda,ambient,59,343.2,1.916,R024239,3,VEH018,truck,ambient,06:23,05:30,08:00
ORD0088720,2026-01-16,2026-01-16,attempted,OUT051,Fresh,Galle,Peliyagoda,ambient,28,175.9,0.971,R024239,4,VEH018,truck,ambient,06:48,03:00,08:00
ORD0088721,2026-01-16,2026-01-16,attempted,OUT052,Fresh,Galle,Peliyagoda,ambient,81,518.5,2.906,R024239,0,VEH018,truck,ambient,05:09,05:00,07:30
ORD0088722,2026-01-16,2026-01-16,attempted,OUT053,Fresh,Galle,Peliyagoda,ambient,32,180.5,1.001,R024239,5,VEH018,truck,ambient,07:12,03:00,08:00
ORD0088723,2026-01-16,2026-01-16,attempted,OUT053,Fresh,Galle,Peliyagoda,chilled,27,227.3,1.207,R024224,1,VEH004,truck,reefer,07:10,03:00,08:00
ORD0088724,2026-01-16,2026-01-16,attempted,OUT054,Fresh,Galle,Peliyagoda,ambient,87,669.1,3.698,R024239,1,VEH018,truck,ambient,05:34,05:00,07:30
ORD0088725,2026-01-16,2026-01-16,attempted,OUT054,Fresh,Galle,Peliyagoda,chilled,108,832.8,4.354,R024224,0,VEH004,truck,reefer,06:46,05:00,07:30
ORD0088726,2026-01-16,2026-01-16,attempted,OUT055,Fresh,Galle,Peliyagoda,ambient,54,349.5,1.96,R024239,2,VEH018,truck,ambient,05:57,05:00,07:30
ORD0088727,2026-01-16,2026-01-16,attempted,OUT056,Style,Galle,Peliyagoda,ambient,30,457.0,7.039,R024251,0,VEH016,truck,ambient,10:04,10:00,12:00
ORD0088728,2026-01-16,2026-01-16,attempted,OUT057,Style,Galle,Peliyagoda,ambient,32,501.6,8.28,R024251,1,VEH016,truck,ambient,11:11,09:00,17:00
ORD0088729,2026-01-16,2026-01-16,attempted,OUT059,Fresh,Matara,Peliyagoda,ambient,50,346.1,1.971,R024235,1,VEH015,truck,ambient,06:28,04:00,07:45
ORD0088730,2026-01-16,2026-01-16,attempted,OUT060,Fresh,Matara,Peliyagoda,ambient,51,358.1,1.726,R024235,2,VEH015,truck,ambient,06:53,03:00,08:00
ORD0088731,2026-01-16,2026-01-16,attempted,OUT060,Fresh,Matara,Peliyagoda,chilled,57,357.4,1.903,R024221,0,VEH002,truck,reefer,06:26,03:00,08:00
ORD0088732,2026-01-16,2026-01-16,attempted,OUT061,Fresh,Matara,Peliyagoda,ambient,60,508.2,2.614,R024235,0,VEH015,truck,ambient,06:04,05:00,07:30
ORD0088733,2026-01-16,2026-01-16,attempted,OUT062,Fresh,Matara,Peliyagoda,ambient,52,397.4,2.296,R024235,3,VEH015,truck,ambient,07:18,05:30,08:00
ORD0088734,2026-01-16,2026-01-16,attempted,OUT062,Fresh,Matara,Peliyagoda,chilled,47,320.0,1.774,R024221,1,VEH002,truck,reefer,06:51,05:30,08:00
ORD0088735,2026-01-16,2026-01-16,attempted,OUT063,Style,Matara,Peliyagoda,ambient,40,681.6,10.244,R024249,0,VEH008,truck,ambient,09:42,09:00,17:00
ORD0088736,2026-01-16,2026-01-16,attempted,OUT065,Fresh,Kurunegala,Peliyagoda,ambient,66,482.1,2.455,R024236,1,VEH016,truck,ambient,04:51,05:30,08:00
ORD0088737,2026-01-16,2026-01-16,attempted,OUT065,Fresh,Kurunegala,Peliyagoda,chilled,87,702.8,4.026,R024222,2,VEH003,truck,reefer,06:05,05:30,08:00
ORD0088738,2026-01-16,2026-01-16,attempted,OUT066,Fresh,Kurunegala,Peliyagoda,ambient,63,331.1,2.221,R024236,0,VEH016,truck,ambient,04:17,04:00,07:45
ORD0088739,2026-01-16,2026-01-16,attempted,OUT066,Fresh,Kurunegala,Peliyagoda,chilled,67,412.6,2.336,R024222,1,VEH003,truck,reefer,05:35,04:00,07:45
ORD0088740,2026-01-16,2026-01-16,attempted,OUT067,Fresh,Kurunegala,Peliyagoda,ambient,46,313.4,1.792,R024237,0,VEH017,truck,ambient,04:38,05:00,07:30
ORD0088741,2026-01-16,2026-01-16,attempted,OUT067,Fresh,Kurunegala,Peliyagoda,chilled,51,299.1,1.732,R024222,0,VEH003,truck,reefer,05:01,05:00,07:30
ORD0088742,2026-01-16,2026-01-16,attempted,OUT068,Fresh,Kurunegala,Peliyagoda,ambient,56,510.4,2.174,R024236,2,VEH016,truck,ambient,05:27,03:00,08:00
ORD0088743,2026-01-16,2026-01-16,attempted,OUT069,Fresh,Kurunegala,Peliyagoda,ambient,62,364.7,2.099,R024236,3,VEH016,truck,ambient,06:02,05:30,08:00
ORD0088744,2026-01-16,2026-01-16,attempted,OUT070,Style,Kurunegala,Peliyagoda,ambient,23,400.5,6.158,R024250,1,VEH015,truck,ambient,10:45,09:00,17:00
ORD0088745,2026-01-16,2026-01-16,attempted,OUT071,Style,Kurunegala,Peliyagoda,ambient,37,493.1,7.626,R024250,0,VEH015,truck,ambient,09:40,09:00,17:00
ORD0088746,2026-01-16,2026-01-16,attempted,OUT073,Fresh,Puttalam,Peliyagoda,ambient,61,426.0,2.259,R024234,0,VEH008,truck,ambient,04:44,03:00,08:00
ORD0088747,2026-01-16,2026-01-16,attempted,OUT074,Fresh,Puttalam,Peliyagoda,ambient,57,434.2,2.215,R024234,1,VEH008,truck,ambient,05:18,05:30,08:00
ORD0088748,2026-01-16,2026-01-16,attempted,OUT074,Fresh,Puttalam,Peliyagoda,chilled,64,417.2,2.378,R024220,0,VEH007,truck,reefer,07:07,05:30,08:00
ORD0088749,2026-01-16,2026-01-16,attempted,OUT075,Fresh,Puttalam,Peliyagoda,ambient,41,240.7,1.239,R024234,2,VEH008,truck,ambient,06:00,03:00,08:00
ORD0088750,2026-01-16,2026-01-16,attempted,OUT076,Fresh,Kandy,Kandy,ambient,36,224.6,1.269,R024230,1,VEH059,van,ambient,05:52,03:00,08:00
ORD0088751,2026-01-16,2026-01-16,attempted,OUT076,Fresh,Kandy,Kandy,chilled,23,166.8,0.94,R024218,2,VEH057,van,reefer,06:53,03:00,08:00
ORD0088752,2026-01-16,2026-01-16,attempted,OUT077,Fresh,Kandy,Kandy,ambient,20,112.4,0.57,R024231,0,VEH059,van,ambient,06:27,05:00,07:30
ORD0088753,2026-01-16,2026-01-16,attempted,OUT077,Fresh,Kandy,Kandy,chilled,10,87.8,0.487,R024218,0,VEH057,van,reefer,06:08,05:00,07:30
ORD0088754,2026-01-16,2026-01-16,attempted,OUT078,Fresh,Kandy,Kandy,ambient,34,215.4,1.03,R024230,2,VEH059,van,ambient,06:14,03:00,08:00
ORD0088755,2026-01-16,2026-01-16,attempted,OUT079,Fresh,Kandy,Kandy,ambient,29,142.6,0.736,R024230,0,VEH059,van,ambient,05:31,04:00,07:45
ORD0088756,2026-01-16,2026-01-16,attempted,OUT080,Fresh,Kandy,Kandy,ambient,28,187.1,0.911,R024230,3,VEH059,van,ambient,06:36,05:30,08:00
ORD0088757,2026-01-16,2026-01-16,attempted,OUT080,Fresh,Kandy,Kandy,chilled,19,127.0,0.708,R024218,3,VEH057,van,reefer,07:14,05:30,08:00
ORD0088758,2026-01-16,2026-01-16,attempted,OUT081,Fresh,Kandy,Kandy,ambient,21,135.8,0.75,R024230,4,VEH059,van,ambient,06:59,03:00,08:00
ORD0088759,2026-01-16,2026-01-16,attempted,OUT082,Fresh,Kandy,Kandy,ambient,21,128.1,0.721,R024230,5,VEH059,van,ambient,07:22,03:00,08:00
ORD0088760,2026-01-16,2026-01-16,attempted,OUT082,Fresh,Kandy,Kandy,chilled,7,92.4,0.453,R024218,4,VEH057,van,reefer,07:37,03:00,08:00
ORD0088761,2026-01-16,2026-01-16,attempted,OUT083,Fresh,Kandy,Kandy,ambient,19,125.6,0.687,R024231,1,VEH059,van,ambient,06:48,04:00,07:45
ORD0088762,2026-01-16,2026-01-16,attempted,OUT083,Fresh,Kandy,Kandy,chilled,19,129.5,0.72,R024218,1,VEH057,van,reefer,06:31,04:00,07:45
ORD0088763,2026-01-16,2026-01-16,attempted,OUT084,Fresh,Kandy,Kandy,ambient,32,223.5,1.135,R024247,1,VEH045,truck,ambient,06:42,05:30,08:00
ORD0088764,2026-01-16,2026-01-16,attempted,OUT084,Fresh,Kandy,Kandy,chilled,37,315.8,1.51,R024228,1,VEH039,truck,reefer,07:19,05:30,08:00
ORD0088765,2026-01-16,2026-01-16,attempted,OUT085,Fresh,Kandy,Kandy,ambient,76,469.0,2.378,R024247,0,VEH045,truck,ambient,06:21,05:00,07:30
ORD0088766,2026-01-16,2026-01-16,attempted,OUT085,Fresh,Kandy,Kandy,chilled,72,599.4,3.364,R024228,0,VEH039,truck,reefer,06:58,05:00,07:30
ORD0088767,2026-01-16,2026-01-16,attempted,OUT086,Fresh,Kandy,Kandy,ambient,53,350.8,1.739,R024247,2,VEH045,truck,ambient,07:03,03:00,08:00
ORD0088768,2026-01-16,2026-01-16,attempted,OUT086,Fresh,Kandy,Kandy,chilled,52,361.6,1.845,R024228,2,VEH039,truck,reefer,07:39,03:00,08:00
ORD0088769,2026-01-16,2026-01-16,attempted,OUT087,Fresh,Kandy,Kandy,ambient,45,405.7,2.164,R024247,3,VEH045,truck,ambient,07:24,03:00,08:00
ORD0088770,2026-01-16,2026-01-16,attempted,OUT096,Fresh,Matale,Kandy,ambient,24,176.9,0.983,R024244,2,VEH048,truck,ambient,05:43,05:30,08:00
ORD0088771,2026-01-16,2026-01-16,attempted,OUT096,Fresh,Matale,Kandy,chilled,26,180.0,0.96,R024227,1,VEH043,truck,reefer,05:16,05:30,08:00
ORD0088772,2026-01-16,2026-01-16,attempted,OUT097,Fresh,Matale,Kandy,ambient,96,680.6,3.447,R024244,3,VEH048,truck,ambient,06:08,03:00,08:00
ORD0088773,2026-01-16,2026-01-16,attempted,OUT098,Fresh,Matale,Kandy,ambient,61,605.4,3.017,R024244,4,VEH048,truck,ambient,06:34,03:00,08:00
ORD0088774,2026-01-16,2026-01-16,attempted,OUT098,Fresh,Matale,Kandy,chilled,49,353.0,1.917,R024227,2,VEH043,truck,reefer,05:41,03:00,08:00
ORD0088775,2026-01-16,2026-01-16,attempted,OUT099,Fresh,Matale,Kandy,ambient,80,423.2,2.471,R024244,0,VEH048,truck,ambient,04:50,05:00,07:30
ORD0088776,2026-01-16,2026-01-16,attempted,OUT100,Fresh,Matale,Kandy,ambient,84,614.2,3.351,R024244,5,VEH048,truck,ambient,06:59,03:00,08:00
ORD0088777,2026-01-16,2026-01-16,attempted,OUT101,Fresh,Matale,Kandy,ambient,78,494.5,2.557,R024244,1,VEH048,truck,ambient,05:17,05:00,07:30
ORD0088778,2026-01-16,2026-01-16,attempted,OUT101,Fresh,Matale,Kandy,chilled,49,414.4,2.418,R024227,0,VEH043,truck,reefer,04:52,05:00,07:30
ORD0088779,2026-01-16,2026-01-16,attempted,OUT104,Fresh,Nuwara Eliya,Kandy,ambient,66,413.1,2.188,R024238,2,VEH044,truck,ambient,06:42,03:00,08:00
ORD0088780,2026-01-16,2026-01-16,attempted,OUT104,Fresh,Nuwara Eliya,Kandy,chilled,38,290.1,1.491,R024223,0,VEH043,truck,reefer,03:43,03:00,08:00
ORD0088781,2026-01-16,2026-01-16,attempted,OUT105,Fresh,Nuwara Eliya,Kandy,ambient,47,259.6,1.576,R024238,0,VEH044,truck,ambient,05:38,05:00,07:30
ORD0088782,2026-01-16,2026-01-16,attempted,OUT106,Fresh,Nuwara Eliya,Kandy,ambient,67,407.3,2.205,R024238,3,VEH044,truck,ambient,07:16,05:30,08:00
ORD0088783,2026-01-16,2026-01-16,attempted,OUT107,Fresh,Nuwara Eliya,Kandy,ambient,81,480.1,2.641,R024238,4,VEH044,truck,ambient,07:51,03:00,08:00
ORD0088784,2026-01-16,2026-01-16,attempted,OUT107,Fresh,Nuwara Eliya,Kandy,chilled,44,284.8,1.599,R024223,1,VEH043,truck,reefer,04:18,03:00,08:00
ORD0088785,2026-01-16,2026-01-16,attempted,OUT108,Fresh,Nuwara Eliya,Kandy,ambient,79,487.6,2.512,R024238,1,VEH044,truck,ambient,06:10,04:00,07:45
ORD0088786,2026-01-16,2026-01-16,attempted,OUT110,Fresh,Badulla,Kandy,ambient,47,296.6,1.757,R024233,0,VEH056,truck,ambient,04:47,03:00,08:00
ORD0088787,2026-01-16,2026-01-16,attempted,OUT111,Fresh,Badulla,Kandy,ambient,28,233.8,1.154,R024233,1,VEH056,truck,ambient,05:24,03:00,08:00
ORD0088788,2026-01-16,2026-01-16,attempted,OUT111,Fresh,Badulla,Kandy,chilled,17,128.5,0.711,R024219,1,VEH040,truck,reefer,05:21,03:00,08:00
ORD0088789,2026-01-16,2026-01-16,attempted,OUT112,Fresh,Badulla,Kandy,ambient,84,601.4,3.47,R024232,0,VEH046,truck,ambient,04:46,04:00,07:45
ORD0088790,2026-01-16,2026-01-16,attempted,OUT112,Fresh,Badulla,Kandy,chilled,39,278.3,1.611,R024219,0,VEH040,truck,reefer,04:40,04:00,07:45
ORD0088791,2026-01-16,2026-01-16,attempted,OUT113,Fresh,Badulla,Kandy,ambient,86,777.1,4.084,R024232,1,VEH046,truck,ambient,05:26,05:30,08:00
ORD0088792,2026-01-16,2026-01-16,attempted,OUT115,Tech,Badulla,Kandy,ambient,14,2412.0,8.287,R024248,0,VEH046,truck,ambient,10:37,09:00,17:00
ORD0088793,2026-01-16,2026-01-16,attempted,OUT116,Fresh,Kegalle,Kandy,ambient,48,319.0,1.905,R024241,0,VEH045,truck,ambient,05:17,05:00,07:30
ORD0088794,2026-01-16,2026-01-16,attempted,OUT116,Fresh,Kegalle,Kandy,chilled,36,245.0,1.497,R024226,0,VEH039,truck,reefer,06:23,05:00,07:30
ORD0088795,2026-01-16,2026-01-16,attempted,OUT117,Fresh,Kegalle,Kandy,ambient,69,524.8,2.676,R024241,1,VEH045,truck,ambient,05:44,04:00,07:45
ORD0088796,2026-01-16,2026-01-16,attempted,OUT117,Fresh,Kegalle,Kandy,chilled,108,674.5,4.028,R024226,1,VEH039,truck,reefer,06:54,04:00,07:45
ORD0088797,2026-01-16,2026-01-16,attempted,OUT118,Fresh,Kegalle,Kandy,ambient,115,956.7,5.142,R024241,2,VEH045,truck,ambient,06:12,04:00,07:45
ORD0088798,2026-01-16,2026-01-16,attempted,OUT118,Fresh,Kegalle,Kandy,chilled,102,744.5,4.126,R024226,2,VEH039,truck,reefer,07:24,04:00,07:45
ORD0088799,2026-01-16,2026-01-16,attempted,OUT119,Fresh,Kegalle,Kandy,ambient,33,296.1,1.753,R024241,3,VEH045,truck,ambient,06:41,03:00,08:00
ORD0088800,2026-01-16,2026-01-16,attempted,OUT119,Fresh,Kegalle,Kandy,chilled,79,429.8,2.386,R024226,3,VEH039,truck,reefer,07:53,03:00,08:00
